{"id":1338177,"items":[{"id":1338178,"status":2,"title":"Michael Kors Dark 1","order":0,"templateKey":null,"pageLinks":[]}],"metaTags":null,"order":"0","headHtml":null,"customCss":null,"headerHtml":"<section class=\"u-clearfix u-header u-block-ee1d-1\" custom-posts-hash=\"[]\" data-style=\"header-imglogo-menu\" data-post-id=\"Header\" data-section-properties=\"{&quot;grid-spacing&quot;:&quot;0&quot;,&quot;align&quot;:&quot;left&quot;,&quot;stretch&quot;:true}\" id=\"sec-a913\" data-id=\"ee1d\">\n  <div class=\"u-clearfix u-sheet u-block-ee1d-2\">\n    <nav class=\"u-align-left u-menu u-menu-dropdown u-nav-spacing-25 u-offcanvas u-block-ee1d-3\">\n      <div class=\"menu-collapse\">\n        <a class=\"u-button-style u-nav-link\" href=\"#\" style=\"padding: 4px 0px; font-size: calc(1em + 8px);\">\n          <svg class=\"u-svg-link\" preserveAspectRatio=\"xMidYMin slice\" viewBox=\"0 0 302 302\" style=\"undefined\">\n            <use xlink:href=\"#svg-7b92\"></use>\n          </svg>\n          <svg xmlns=\"http://www.w3.org/2000/svg\" xmlns:xlink=\"http://www.w3.org/1999/xlink\" version=\"1.1\" id=\"svg-7b92\" x=\"0px\" y=\"0px\" viewBox=\"0 0 302 302\" style=\"enable-background:new 0 0 302 302;\" xml:space=\"preserve\" class=\"u-svg-content\">\n            <g>\n              <rect y=\"36\" width=\"302\" height=\"30\"></rect>\n              <rect y=\"236\" width=\"302\" height=\"30\"></rect>\n              <rect y=\"136\" width=\"302\" height=\"30\"></rect>\n            </g>\n            <g></g>\n            <g></g>\n            <g></g>\n            <g></g>\n            <g></g>\n            <g></g>\n            <g></g>\n            <g></g>\n            <g></g>\n            <g></g>\n            <g></g>\n            <g></g>\n            <g></g>\n            <g></g>\n            <g></g>\n          </svg>\n        </a>\n      </div>\n      <div class=\"u-nav-container\">\n        <ul class=\"u-nav u-spacing-25 u-unstyled u-block-ee1d-4\">\n          \n        <li class=\"u-nav-item\">\n            <a class=\"u-button-style u-nav-link\" href=\"/Michael-Kors-Dark-1.html\" data-page-id=\"1338178\" style=\"padding: 8px 0px;\">Michael Kors Dark 1</a>\n            \n          <div class=\"fake u-hidden u-nav-popup\">\n              <ul class=\"u-h-spacing-20 u-nav u-unstyled u-v-spacing-10 u-block-ee1d-5\">\n                <li class=\"u-nav-item\">\n                  <a class=\"u-button-style u-nav-link u-white\" href=\"#\">Menu Item 1</a>\n                </li>\n                <li class=\"u-nav-item\">\n                  <a class=\"u-button-style u-nav-link u-white\" href=\"#\">Menu Item 2</a>\n                </li>\n                <li class=\"u-nav-item\">\n                  <a class=\"u-button-style u-nav-link u-white\" href=\"#\">Menu Item 3</a>\n                </li>\n              </ul>\n            </div></li></ul>\n      </div>\n      <div class=\"u-nav-container-collapse\">\n        <div class=\"u-align-center u-black u-container-style u-inner-container-layout u-opacity u-opacity-95 u-sidenav u-block-ee1d-6\"><div class=\"u-inner-container-layout u-sidenav-overflow\">\n          <div class=\"u-menu-close u-block-ee1d-7\"></div>\n          <ul class=\"u-align-center u-nav u-popupmenu-items u-unstyled u-block-ee1d-8\">\n            \n          <li class=\"u-nav-item\">\n              <a class=\"u-button-style u-nav-link\" href=\"/Michael-Kors-Dark-1.html\" data-page-id=\"1338178\">Michael Kors Dark 1</a>\n            </li></ul>\n        </div></div>\n        <div class=\"u-black u-menu-overlay u-opacity u-opacity-70\"></div>\n      </div>\n    </nav>\n    <a href=\"#\" class=\"u-image u-logo u-block-ee1d-9\" src=\"\" data-brightness=\"\">\n      <img src=\"np://user.desktop.nicepage.com/Site_1338177/images/default-logo.png\" class=\"u-logo-image u-block-ee1d-10\">\n    </a>\n  </div>\n  <style data-mode=\"XL\" data-visited=\"true\">@media (min-width: 1200px){ .u-block-ee1d-1 {background-image: none}\n.u-block-ee1d-2 {min-height: 72px}\n.u-block-ee1d-3 {font-family: size-14; margin-top: 20px; margin-right: 0px; margin-bottom: 0px; margin-left: auto}\n.u-block-ee1d-5 {box-shadow: 2px 2px 8px 0 rgba(var(--grey-50-r),var(--grey-50-g),var(--grey-50-b),1)}\n.u-block-ee1d-8 {font-size: 1.25rem}\n.u-block-ee1d-9 {width: 0px; height: 0px; margin-top: -32px; margin-right: auto; margin-bottom: 20px; margin-left: 0px}\n.u-block-ee1d-10 {width: 100%; height: 100%} }</style>\n  <style data-mode=\"LG\" data-visited=\"true\">@media (max-width: 1199px) and (min-width: 992px){ .u-block-ee1d-1 {background-image: none}\n.u-block-ee1d-2 {min-height: 72px}\n.u-block-ee1d-3 {margin-top: 20px; margin-bottom: 0px; margin-left: auto; margin-right: 0px; font-family: size-14}\n.u-block-ee1d-5 {box-shadow: 2px 2px 8px 0 rgba(var(--grey-50-r),var(--grey-50-g),var(--grey-50-b),1)}\n.u-block-ee1d-8 {font-size: 1.25rem}\n.u-block-ee1d-9 {margin-top: -32px; margin-right: auto; margin-bottom: 20px; margin-left: 0px; width: 0px; height: 0px}\n.u-block-ee1d-10 {width: 100%; height: 100%} }</style>\n  <style data-mode=\"MD\" data-visited=\"true\">@media (max-width: 991px) and (min-width: 768px){ .u-block-ee1d-1 {background-image: none}\n.u-block-ee1d-2 {min-height: 72px}\n.u-block-ee1d-3 {margin-top: 20px; margin-bottom: 0px; margin-left: auto; margin-right: 0px; font-family: size-14}\n.u-block-ee1d-5 {box-shadow: 2px 2px 8px 0 rgba(var(--grey-50-r),var(--grey-50-g),var(--grey-50-b),1)}\n.u-block-ee1d-8 {font-size: 1.25rem}\n.u-block-ee1d-9 {margin-top: -32px; margin-right: auto; margin-bottom: 20px; margin-left: 0px; width: 0px; height: 0px}\n.u-block-ee1d-10 {width: 100%; height: 100%} }</style>\n  <style data-mode=\"SM\" data-visited=\"true\">@media (max-width: 767px) and (min-width: 576px){ .u-block-ee1d-1 {background-image: none}\n.u-block-ee1d-2 {min-height: 72px}\n.u-block-ee1d-3 {margin-top: 20px; margin-right: 0px; margin-bottom: 0px; margin-left: auto; font-family: size-14}\n.u-block-ee1d-5 {box-shadow: 2px 2px 8px 0 rgba(var(--grey-50-r),var(--grey-50-g),var(--grey-50-b),1)}\n.u-block-ee1d-8 {font-size: 1.25rem}\n.u-block-ee1d-9 {margin-top: -32px; margin-right: auto; margin-bottom: 20px; margin-left: 0px; width: 0px; height: 0px}\n.u-block-ee1d-10 {width: 100%; height: 100%} }</style>\n  <style data-mode=\"XS\" data-visited=\"true\">@media (max-width: 575px){ .u-block-ee1d-1 {background-image: none}\n.u-block-ee1d-2 {min-height: 72px}\n.u-block-ee1d-3 {margin-top: 5px; margin-bottom: 0px; margin-left: 61.886px; margin-right: 0px; font-family: size-14}\n.u-block-ee1d-5 {box-shadow: 2px 2px 8px 0 rgba(var(--grey-50-r),var(--grey-50-g),var(--grey-50-b),1)}\n.u-block-ee1d-8 {font-size: 1.25rem}\n.u-block-ee1d-9 {margin-top: 5px; margin-right: auto; margin-bottom: 20px; margin-left: 70.9825px; width: 0px; height: 0px}\n.u-block-ee1d-10 {width: 100%; height: 100%} }</style>\n</section>","footerHtml":"<section class=\"u-clearfix u-footer u-palette-5-dark-3 u-block-f306-1\" custom-posts-hash=\"T\" data-style=\"footer-social-menu-text\" data-post-id=\"3953528025\" data-section-properties=\"{&quot;grid-spacing&quot;:&quot;30&quot;,&quot;spacingAdditional&quot;:&quot;none&quot;,&quot;align&quot;:&quot;center&quot;,&quot;stretch&quot;:true}\" id=\"sec-6555\" data-id=\"f306\">\n  <div class=\"u-clearfix u-sheet u-block-f306-2\">\n    \n    \n    \n  <div class=\"u-clearfix u-expanded-width u-layout-wrap u-block-f306-3\"><div class=\"u-layout\">  <div class=\"u-layout-row\"><div class=\"u-align-center-sm u-align-center-xs u-container-style u-layout-cell u-left-cell u-size-30 u-block-f306-4\"><div class=\"u-container-layout u-valign-middle u-block-f306-5\"><p class=\"u-text u-text-body-alt-color u-block-f306-6\">© 2022 Aryan Adarsh</p></div></div>\n<div class=\"u-align-center-sm u-align-center-xs u-container-style u-layout-cell u-right-cell u-size-30 u-block-f306-7\"><div class=\"u-container-layout u-valign-middle-lg u-valign-middle-md u-valign-middle-xl u-valign-middle-xs u-block-f306-8\"><div class=\"u-social-icons u-spacing-20 u-block-f306-9\"><a class=\"u-social-url\" target=\"_blank\" href=\"\"><span class=\"u-icon u-icon-circle u-social-facebook u-social-icon u-block-f306-10\"><svg class=\"u-svg-link\" preserveAspectRatio=\"xMidYMin slice\" viewBox=\"0 0 112.2 112.2\"><use xlink:href=\"#svg-b791\"></use></svg><svg x=\"0px\" y=\"0px\" viewBox=\"0 0 112.2 112.2\" enable-background=\"new 0 0 112.2 112.2\" xml:space=\"preserve\" id=\"svg-b791\" class=\"u-svg-content\">\n        <path d=\"M75.5,28.8H65.4c-1.5,0-4,0.9-4,4.3v9.4h13.9l-1.5,15.8H61.4v45.1H42.8V58.3h-8.8V42.4h8.8V32.2 c0-7.4,3.4-18.8,18.8-18.8h13.8v15.4H75.5z\"></path>\n    </svg></span></a><a class=\"u-social-url\" target=\"_blank\" href=\"\"><span class=\"u-icon u-icon-circle u-social-icon u-social-twitter u-block-f306-11\"><svg class=\"u-svg-link\" preserveAspectRatio=\"xMidYMin slice\" viewBox=\"0 0 112.2 112.2\"><use xlink:href=\"#svg-e560\"></use></svg><svg x=\"0px\" y=\"0px\" viewBox=\"0 0 112.2 112.2\" enable-background=\"new 0 0 112.2 112.2\" xml:space=\"preserve\" id=\"svg-e560\" class=\"u-svg-content\">\n        <path d=\"M92.2,38.2c0,0.8,0,1.6,0,2.3c0,24.3-18.6,52.4-52.6,52.4c-10.6,0.1-20.2-2.9-28.5-8.2 c1.4,0.2,2.9,0.2,4.4,0.2c8.7,0,16.7-2.9,23-7.9c-8.1-0.2-14.9-5.5-17.3-12.8c1.1,0.2,2.4,0.2,3.4,0.2c1.6,0,3.3-0.2,4.8-0.7 c-8.4-1.6-14.9-9.2-14.9-18c0-0.2,0-0.2,0-0.2c2.5,1.4,5.4,2.2,8.4,2.3c-5-3.3-8.3-8.9-8.3-15.4c0-3.4,1-6.5,2.5-9.2 c9.1,11.1,22.7,18.5,38,19.2c-0.2-1.4-0.4-2.8-0.4-4.3c0.1-10,8.3-18.2,18.5-18.2c5.4,0,10.1,2.2,13.5,5.7c4.3-0.8,8.1-2.3,11.7-4.5 c-1.4,4.3-4.3,7.9-8.1,10.1c3.7-0.4,7.3-1.4,10.6-2.9C98.9,32.3,95.7,35.5,92.2,38.2z\"></path>\n    </svg></span></a><a class=\"u-social-url\" target=\"_blank\" href=\"\"><span class=\"u-icon u-icon-circle u-social-icon u-social-instagram u-block-f306-12\"><svg class=\"u-svg-link\" preserveAspectRatio=\"xMidYMin slice\" viewBox=\"0 0 112.2 112.2\"><use xlink:href=\"#svg-d67e\"></use></svg><svg x=\"0px\" y=\"0px\" viewBox=\"0 0 112.2 112.2\" enable-background=\"new 0 0 112.2 112.2\" xml:space=\"preserve\" id=\"svg-d67e\" class=\"u-svg-content\">\n        <path d=\"M55.9,32.9c-12.8,0-23.2,10.4-23.2,23.2s10.4,23.2,23.2,23.2s23.2-10.4,23.2-23.2S68.7,32.9,55.9,32.9z M55.9,69.4c-7.4,0-13.3-6-13.3-13.3c-0.1-7.4,6-13.3,13.3-13.3s13.3,6,13.3,13.3C69.3,63.5,63.3,69.4,55.9,69.4z\"></path>\n        <path d=\"M79.7,26.8c-3,0-5.4,2.5-5.4,5.4s2.5,5.4,5.4,5.4c3,0,5.4-2.5,5.4-5.4S82.7,26.8,79.7,26.8z\"></path>\n        <path d=\"M78.2,11H33.5C21,11,10.8,21.3,10.8,33.7v44.7c0,12.6,10.2,22.8,22.7,22.8h44.7c12.6,0,22.7-10.2,22.7-22.7 V33.7C100.8,21.1,90.6,11,78.2,11z M91,78.4c0,7.1-5.8,12.8-12.8,12.8H33.5c-7.1,0-12.8-5.8-12.8-12.8V33.7 c0-7.1,5.8-12.8,12.8-12.8h44.7c7.1,0,12.8,5.8,12.8,12.8V78.4z\"></path>\n    </svg></span></a><a class=\"u-social-url\" target=\"_blank\" href=\"\"><span class=\"u-icon u-icon-circle u-social-icon u-social-linkedin u-block-f306-13\"><svg class=\"u-svg-link\" preserveAspectRatio=\"xMidYMin slice\" viewBox=\"0 0 112.2 112.2\"><use xlink:href=\"#svg-dc0b\"></use></svg><svg x=\"0px\" y=\"0px\" viewBox=\"0 0 112.2 112.2\" enable-background=\"new 0 0 112.2 112.2\" xml:space=\"preserve\" id=\"svg-dc0b\" class=\"u-svg-content\">\n        <path d=\"M33.8,96.8H14.5v-58h19.3V96.8z M24.1,30.9L24.1,30.9c-6.6,0-10.8-4.5-10.8-10.1c0-5.8,4.3-10.1,10.9-10.1 S34.9,15,35.1,20.8C35.1,26.4,30.8,30.9,24.1,30.9z M103.3,96.8H84.1v-31c0-7.8-2.7-13.1-9.8-13.1c-5.3,0-8.5,3.6-9.9,7.1 c-0.6,1.3-0.6,3-0.6,4.8V97H44.5c0,0,0.3-52.6,0-58h19.3v8.2c2.6-3.9,7.2-9.6,17.4-9.6c12.7,0,22.2,8.4,22.2,26.1V96.8z\"></path>\n    </svg></span></a><a class=\"u-social-url\" target=\"_blank\" href=\"\"><span class=\"u-icon u-icon-circle u-social-google u-social-icon u-block-f306-14\"><svg class=\"u-svg-link\" preserveAspectRatio=\"xMidYMin slice\" viewBox=\"0 0 112.2 112.2\"><use xlink:href=\"#svg-a9a0\"></use></svg><svg x=\"0px\" y=\"0px\" viewBox=\"0 0 112.2 112.2\" enable-background=\"new 0 0 112.2 112.2\" xml:space=\"preserve\" id=\"svg-a9a0\" class=\"u-svg-content\">\n        <path d=\"M62.2,81.6c-8.6,11.2-24.6,14.4-37.6,10C10.9,87,0.8,73.2,1,58.5c-0.8-18,15.2-34.6,33.1-34.9 c9.2-0.8,18.2,2.7,25,8.6c-2.9,3.1-5.7,6.2-8.9,9.2c-6.2-3.8-13.5-6.5-20.6-4C18.1,40.7,11,54.2,15.4,65.6 c3.5,11.8,17.8,18.3,29.2,13.2c5.8-2.1,9.7-7.4,11.3-13.2c-6.6-0.1-13.2,0-20.1-0.3c0-3.9,0-7.9,0-11.9c11.2,0,22.2,0,33.3,0 C69.9,63.4,68.3,73.9,62.2,81.6z M110.9,63.7c-3.4,0-6.6,0-10,0c0,3.4,0,6.6,0,10c-3.4,0-6.6,0-10,0c0-3.4,0-6.6,0-10 c-3.4,0-6.6,0-10,0c0-3.4,0-6.6,0-10c3.4,0,6.6,0,10,0c0-3.4,0-6.6,0.1-10c3.4,0,6.6,0,10,0c0,3.4,0,6.6,0,10c3.4,0,6.6,0,10,0 C110.9,56.9,110.9,60.3,110.9,63.7z\"></path>\n    </svg></span></a><a class=\"u-social-url\" target=\"_blank\" href=\"\"><span class=\"u-icon u-icon-circle u-social-behance u-social-icon u-block-f306-15\"><svg class=\"u-svg-link\" preserveAspectRatio=\"xMidYMin slice\" viewBox=\"0 0 112.2 112.2\"><use xlink:href=\"#svg-bf5b\"></use></svg><svg x=\"0px\" y=\"0px\" viewBox=\"0 0 112.2 112.2\" enable-background=\"new 0 0 112.2 112.2\" xml:space=\"preserve\" id=\"svg-bf5b\" class=\"u-svg-content\">\n        <rect x=\"70.3\" y=\"32\" width=\"23\" height=\"6.9\"></rect>\n        <path d=\"M48.3,54c0,0,8.5-0.6,8.5-10.5s-6.9-14.8-15.7-14.8H12v55.9h29.1c0,0,17.8,0.6,17.8-16.5 C58.7,68.1,59.5,54.2,48.3,54z M24.8,38.5h16.3c0,0,4,0,4,5.8s-2.4,6.6-5,6.6H24.8V38.5z M40.3,74.5H24.8V59.6h16.3c0,0,6,0,6,7.7 C46.9,73.7,42.5,74.5,40.3,74.5z\"></path>\n        <path d=\"M82.3,43C61,43,61,64.2,61,64.3c0,0-1.5,21.3,21.3,21.3c0,0,19.1,1.2,19.1-14.8h-9.7c0,0,0.2,6-8.9,6 c0,0-9.7,0.7-9.7-9.6h29C101.8,67.2,105,42.8,82.3,43z M72.8,59.6c0,0,1.2-8.6,9.7-8.6s8.5,8.6,8.6,8.6H72.8z\"></path>\n    </svg></span></a></div></div></div>  </div></div></div></div>\n  <style data-mode=\"XL\" data-visited=\"true\">@media (min-width: 1200px){ .u-block-f306-1 {background-image: none}\n.u-block-f306-2 {min-height: 249px}\n.u-block-f306-3 {margin-top: 35px; margin-right: auto; margin-bottom: 35px; margin-left: 0px}\n.u-block-f306-4 {min-height: 179px}\n.u-block-f306-5 {padding-left: 10px; padding-right: 10px}\n.u-block-f306-6 {font-size: 1.5rem; margin-top: 0px; margin-right: 0px; margin-bottom: -0.0156px; margin-left: 20px}\n.u-block-f306-7 {min-height: 179px}\n.u-block-f306-9 {white-space: nowrap; height: 32.0001px; min-height: 16px; width: 292.001px; min-width: 196px; margin-top: 20px; margin-right: 0px; margin-bottom: 20px; margin-left: auto}\n.u-block-f306-10 {height: 100%}\n.u-block-f306-11 {height: 100%}\n.u-block-f306-12 {height: 100%}\n.u-block-f306-13 {height: 100%}\n.u-block-f306-14 {height: 100%}\n.u-block-f306-15 {height: 100%} }</style>\n  <style data-mode=\"LG\" data-visited=\"true\">@media (max-width: 1199px) and (min-width: 992px){ .u-block-f306-1 {background-image: none}\n.u-block-f306-2 {min-height: 260px}\n.u-block-f306-3 {margin-top: 35px; margin-bottom: 35px}\n.u-block-f306-4 {min-height: 179px}\n.u-block-f306-5 {padding-left: 10px; padding-right: 16.4913px}\n.u-block-f306-6 {position: relative; margin-top: 0px; margin-bottom: -0.0156px; margin-left: 0px; margin-right: 0px; font-size: 1.25rem}\n.u-block-f306-7 {min-height: 179px}\n.u-block-f306-9 {white-space: nowrap; height: 32.0001px; min-height: 16px; width: 292.0006px; min-width: 196px; margin-top: 20px; margin-right: auto; margin-bottom: 20px; margin-left: 182px}\n.u-block-f306-10 {height: 100%}\n.u-block-f306-11 {height: 100%}\n.u-block-f306-12 {height: 100%}\n.u-block-f306-13 {height: 100%}\n.u-block-f306-14 {height: 100%}\n.u-block-f306-15 {height: 100%} }</style>\n  <style data-mode=\"MD\" data-visited=\"true\">@media (max-width: 991px) and (min-width: 768px){ .u-block-f306-1 {background-image: none}\n.u-block-f306-2 {min-height: 260px}\n.u-block-f306-3 {margin-top: 35px; margin-bottom: 35px}\n.u-block-f306-4 {min-height: 179px}\n.u-block-f306-5 {padding-left: 10px; padding-right: 12.6316px}\n.u-block-f306-6 {position: relative; margin-top: 0px; margin-bottom: -0.0156px; margin-left: 0px; margin-right: 0px; font-size: 1.25rem}\n.u-block-f306-7 {min-height: 179px}\n.u-block-f306-9 {white-space: nowrap; height: 32.0001px; min-height: 16px; width: 292.0006px; min-width: 196px; margin-top: 20px; margin-right: 0px; margin-bottom: 20px; margin-left: auto}\n.u-block-f306-10 {height: 100%}\n.u-block-f306-11 {height: 100%}\n.u-block-f306-12 {height: 100%}\n.u-block-f306-13 {height: 100%}\n.u-block-f306-14 {height: 100%}\n.u-block-f306-15 {height: 100%} }</style>\n  <style data-mode=\"SM\" data-visited=\"true\">@media (max-width: 767px) and (min-width: 576px){ .u-block-f306-1 {background-image: none}\n.u-block-f306-2 {min-height: 249px}\n.u-block-f306-3 {margin-top: 35px; margin-bottom: 35px}\n.u-block-f306-4 {min-height: 179px}\n.u-block-f306-5 {padding-left: 10px; padding-right: 20px}\n.u-block-f306-6 {position: relative; font-size: 1.5rem; margin-top: 0px; margin-bottom: -0.0156px; margin-left: 0px; margin-right: 0px}\n.u-block-f306-7 {min-height: 179px}\n.u-block-f306-9 {white-space: nowrap; height: 32.0001px; min-height: 16px; width: 292.0006px; min-width: 196px; margin-top: 73.5px; margin-bottom: 73.5px; margin-left: auto; margin-right: auto}\n.u-block-f306-10 {height: 100%}\n.u-block-f306-11 {height: 100%}\n.u-block-f306-12 {height: 100%}\n.u-block-f306-13 {height: 100%}\n.u-block-f306-14 {height: 100%}\n.u-block-f306-15 {height: 100%} }</style>\n  <style data-mode=\"XS\" data-visited=\"true\">@media (max-width: 575px){ .u-block-f306-1 {background-image: none}\n.u-block-f306-2 {min-height: 356.001px}\n.u-block-f306-3 {margin-top: 35px; margin-bottom: 0px}\n.u-block-f306-4 {min-height: 143px}\n.u-block-f306-5 {padding-left: 3.6797px; padding-right: 3.6797px}\n.u-block-f306-6 {position: relative; margin-top: 0px; margin-left: 0px; margin-right: 0px; margin-bottom: -0.0156px; font-size: 1.25rem}\n.u-block-f306-7 {min-height: 143px}\n.u-block-f306-9 {white-space: nowrap; height: 32.0001px; min-height: 16px; width: 292.0006px; min-width: 196px; margin-top: 65.5px; margin-left: auto; margin-right: auto; margin-bottom: 45.5px}\n.u-block-f306-10 {height: 100%}\n.u-block-f306-11 {height: 100%}\n.u-block-f306-12 {height: 100%}\n.u-block-f306-13 {height: 100%}\n.u-block-f306-14 {height: 100%}\n.u-block-f306-15 {height: 100%} }</style>\n</section>","hideBacklink":null,"homePageId":1338178,"dateUpdated":1643558686270,"settings":"{\"id\":0,\"colorScheme\":{\"bodyColors\":[\"#111111\",\"#ffffff\"],\"bgColor\":\"#ffffff\",\"colors\":[\"#5d5838\",\"#866421\",\"#f1c661\",\"#667161\",\"#7d8289\"],\"shadingContrast\":\"body-alt-color\",\"whiteContrast\":\"body-color\",\"bgContrast\":\"body-color\",\"name\":\"u10\",\"customColors\":[]},\"fontScheme\":{\"name\":\"custom-font-family-41\",\"default\":true,\"fonts\":{\"heading\":\"Arvo\",\"text\":\"Open Sans, sans-serif\",\"accent\":\"Arial, sans-serif\",\"headingTitle\":\"Arvo\",\"textTitle\":\"Open Sans\"}},\"typography\":{\"name\":\"custom-page-typography-1\",\"title\":{\"font-weight\":\"700\",\"line-height\":\"1.2\",\"font-size\":4.5,\"margin-top\":20,\"margin-bottom\":20},\"subtitle\":{\"font-weight\":\"700\",\"line-height\":\"1_2\",\"font-size\":2.25,\"margin-top\":20,\"margin-bottom\":20},\"h1\":{\"font-weight\":\"700\",\"line-height\":\"1_1\",\"font-size\":3,\"margin-top\":20,\"margin-bottom\":20},\"h2\":{\"font-weight\":\"700\",\"line-height\":\"1_2\",\"font-size\":2.25,\"margin-top\":20,\"margin-bottom\":20},\"h3\":{\"font-weight\":\"700\",\"line-height\":\"1_2\",\"font-size\":1.875,\"margin-top\":20,\"margin-bottom\":20},\"h4\":{\"font-weight\":\"700\",\"line-height\":\"1_2\",\"font-size\":1.5,\"margin-top\":20,\"margin-bottom\":20},\"h5\":{\"font-weight\":\"700\",\"line-height\":\"1_2\",\"font-size\":1.25,\"margin-top\":20,\"margin-bottom\":20},\"h6\":{\"font-weight\":\"700\",\"line-height\":\"1_2\",\"font-size\":1.125,\"margin-top\":20,\"margin-bottom\":20},\"largeText\":{\"bold\":false,\"line-height\":\"1_6\",\"font-size\":1,\"margin-top\":20,\"margin-bottom\":20},\"text\":{\"bold\":false,\"line-height\":\"1_6\",\"font-size\":1.25,\"margin-top\":20,\"margin-bottom\":20},\"smallText\":{\"bold\":false,\"line-height\":\"1_6\",\"font-size\":0.875,\"margin-top\":20,\"margin-bottom\":20},\"link\":{},\"button\":{\"letter-spacing\":2,\"font-size\":0.875,\"line-height\":\"1_4\",\"color\":false,\"margin-top\":20,\"margin-bottom\":20,\"text-transform\":\"uppercase\",\"gradient\":\"none\",\"hover-color\":false,\"active-color\":false,\"border\":2,\"border-style\":\"solid\",\"border-color\":\"grey-15\",\"text-color\":\"body-color\",\"hover-border-color\":false,\"active-border-color\":false,\"font-weight\":\"600\"},\"blockquote\":{\"font-style\":\"italic\",\"line-height\":\"1_6\",\"font-size\":1.25,\"indent\":20,\"border\":4,\"border-color\":\"palette-1-base\",\"margin-top\":20,\"margin-bottom\":20},\"metadata\":{\"font-size\":0.75,\"line-height\":\"1_4\",\"margin-top\":20,\"margin-bottom\":20},\"list\":{\"margin-top\":20,\"margin-bottom\":20},\"orderedlist\":{\"margin-top\":20,\"margin-bottom\":20},\"postContent\":{\"margin-top\":20,\"margin-bottom\":20},\"theme\":{\"gradient\":\"\",\"image\":\"\"},\"htmlBaseSize\":16,\"hyperlink\":{\"text-color\":\"palette-1-base\"}},\"backToTop\":\"<span style=\\\"height: 64px; width: 64px; margin-left: 0px; margin-right: auto; margin-top: 0px; background-image: none; right: 20px; bottom: 20px\\\" class=\\\"u-back-to-top u-icon u-icon-circle u-opacity u-opacity-85 u-palette-1-base u-spacing-15\\\" data-href=\\\"#\\\">\\n        <svg class=\\\"u-svg-link\\\" preserveAspectRatio=\\\"xMidYMin slice\\\" viewBox=\\\"0 0 551.13 551.13\\\">\\n            <use xmlns:xlink=\\\"http://www.w3.org/1999/xlink\\\" xlink:href=\\\"#svg-1d98\\\"></use>\\n        </svg>\\n        <svg class=\\\"u-svg-content\\\" enable-background=\\\"new 0 0 551.13 551.13\\\" viewBox=\\\"0 0 551.13 551.13\\\" xmlns=\\\"http://www.w3.org/2000/svg\\\" id=\\\"svg-1d98\\\">\\n            <path d=\\\"m275.565 189.451 223.897 223.897h51.668l-275.565-275.565-275.565 275.565h51.668z\\\"></path>\\n        </svg>\\n    </span>\",\"cookiesSection\":\"<section class=\\\"u-align-center u-block-9c7c-1 u-clearfix u-cookies-consent u-grey-80\\\" custom-posts-hash=\\\"T\\\" style=\\\"background-image: none\\\" data-post-id=\\\"1\\\" data-section-properties=\\\"{&quot;stretch&quot;:true}\\\" data-id=\\\"9c7c\\\" data-posts-content=\\\"[{'images':[],'maps':[],'videos':[],'icons':[],'textWidth':874,'textHeight':152,'id':1,'headingProp':'h3','textProp':'text'}]\\\" data-style=\\\"cookie-1\\\" id=\\\"sec-ab64\\\" data-source=\\\"\\\">\\n  <div class=\\\"u-block-9c7c-2 u-clearfix u-sheet u-valign-middle\\\" style=\\\"min-height: 212px\\\" data-state=\\\"{&quot;margin-top&quot;:{&quot;shouldApplyDefaultMargins&quot;:{&quot;XL&quot;:false,&quot;LG&quot;:false,&quot;MD&quot;:false,&quot;SM&quot;:false,&quot;XS&quot;:false},&quot;parentVerticalAlign&quot;:{&quot;XL&quot;:&quot;middle&quot;,&quot;LG&quot;:&quot;middle&quot;,&quot;MD&quot;:&quot;middle&quot;,&quot;SM&quot;:&quot;middle&quot;,&quot;XS&quot;:&quot;middle&quot;}},&quot;margin-bottom&quot;:{&quot;shouldApplyDefaultMargins&quot;:{&quot;XL&quot;:false,&quot;LG&quot;:false,&quot;MD&quot;:false,&quot;SM&quot;:false,&quot;XS&quot;:false},&quot;parentVerticalAlign&quot;:{&quot;XL&quot;:&quot;middle&quot;,&quot;LG&quot;:&quot;middle&quot;,&quot;MD&quot;:&quot;middle&quot;,&quot;SM&quot;:&quot;middle&quot;,&quot;XS&quot;:&quot;middle&quot;}}}\\\" data-height-lg=\\\"158\\\" data-height-md=\\\"131\\\" data-height-sm=\\\"106\\\" data-height-xs=\\\"225\\\">\\n    <div class=\\\"u-block-9c7c-7 u-clearfix u-expanded-width u-layout-wrap\\\" style=\\\"margin-top: 30px; margin-bottom: 30px\\\" data-state=\\\"{&quot;margin-top&quot;:{&quot;shouldApplyDefaultMargins&quot;:{&quot;XL&quot;:false,&quot;LG&quot;:false,&quot;MD&quot;:false,&quot;SM&quot;:true,&quot;XS&quot;:true},&quot;parentVerticalAlign&quot;:{&quot;XL&quot;:&quot;middle&quot;,&quot;LG&quot;:&quot;middle&quot;,&quot;MD&quot;:&quot;middle&quot;,&quot;SM&quot;:&quot;middle&quot;,&quot;XS&quot;:&quot;middle&quot;}},&quot;margin-bottom&quot;:{&quot;shouldApplyDefaultMargins&quot;:{&quot;XL&quot;:false,&quot;LG&quot;:false,&quot;MD&quot;:false,&quot;SM&quot;:true,&quot;XS&quot;:true},&quot;parentVerticalAlign&quot;:{&quot;XL&quot;:&quot;middle&quot;,&quot;LG&quot;:&quot;middle&quot;,&quot;MD&quot;:&quot;middle&quot;,&quot;SM&quot;:&quot;middle&quot;,&quot;XS&quot;:&quot;middle&quot;}}}\\\">\\n      <div class=\\\"u-gutter-0 u-layout\\\">\\n        <div class=\\\"u-layout-row\\\">\\n          <div class=\\\"u-block-9c7c-8 u-container-style u-layout-cell u-left-cell u-size-43-md u-size-43-sm u-size-43-xs u-size-46-lg u-size-46-xl\\\" style=\\\"min-height: 152px\\\" data-state=\\\"{&quot;min-height&quot;:{&quot;expandedParent&quot;:{&quot;XL&quot;:true,&quot;LG&quot;:true,&quot;MD&quot;:true,&quot;SM&quot;:true,&quot;XS&quot;:true},&quot;cellMultiplier&quot;:{&quot;XL&quot;:1,&quot;LG&quot;:1,&quot;MD&quot;:0.9347826086956521,&quot;SM&quot;:1.3953488372093024,&quot;XS&quot;:1},&quot;canCollapse&quot;:{&quot;XL&quot;:false,&quot;LG&quot;:false,&quot;MD&quot;:true,&quot;SM&quot;:true,&quot;XS&quot;:true}}}\\\">\\n            <div class=\\\"u-block-9c7c-9 u-container-layout u-valign-middle\\\" style=\\\"padding-top: 30px; padding-bottom: 30px; padding-left: 60px; padding-right: 60px\\\" data-state=\\\"{&quot;min-height&quot;:{&quot;canCollapse&quot;:{&quot;XL&quot;:false,&quot;LG&quot;:false,&quot;MD&quot;:false,&quot;SM&quot;:false,&quot;XS&quot;:false}}}\\\">\\n              <h3 class=\\\"u-block-9c7c-6 u-text u-text-default\\\" style=\\\"margin-top: 0px; margin-right: 20px; margin-bottom: 0px;\\\">Cookies &amp; Privacy</h3>\\n              <p class=\\\"u-block-9c7c-5 u-text u-text-default\\\" style=\\\"margin: 8px 20px 0px 0px;\\\">This website uses cookies to ensure you get the best experience on our website.</p>\\n            </div>\\n          </div>\\n          <div class=\\\"u-align-left u-block-9c7c-10 u-container-style u-layout-cell u-right-cell u-size-14-lg u-size-14-xl u-size-17-md u-size-17-sm u-size-17-xs\\\" style=\\\"min-height: 152px\\\" data-state=\\\"{&quot;min-height&quot;:{&quot;expandedParent&quot;:{&quot;XL&quot;:true,&quot;LG&quot;:true,&quot;MD&quot;:true,&quot;SM&quot;:true,&quot;XS&quot;:true},&quot;cellMultiplier&quot;:{&quot;XL&quot;:1,&quot;LG&quot;:1,&quot;MD&quot;:1.2142857142857142,&quot;SM&quot;:3.5294117647058822,&quot;XS&quot;:1},&quot;canCollapse&quot;:{&quot;XL&quot;:false,&quot;LG&quot;:false,&quot;MD&quot;:true,&quot;SM&quot;:true,&quot;XS&quot;:true}}}\\\">\\n            <div class=\\\"u-block-9c7c-11 u-container-layout u-valign-middle-lg u-valign-middle-md u-valign-middle-xl u-valign-top-sm u-valign-top-xs\\\" style=\\\"padding-top: 30px; padding-bottom: 30px; padding-left: 30px; padding-right: 30px\\\" data-state=\\\"{&quot;min-height&quot;:{&quot;canCollapse&quot;:{&quot;XL&quot;:false,&quot;LG&quot;:false,&quot;MD&quot;:false,&quot;SM&quot;:false,&quot;XS&quot;:false}}}\\\">\\n              <a href=\\\"###\\\" class=\\\"u-block-9c7c-3 u-btn u-button-confirm u-button-style u-palette-1-base\\\" style=\\\"margin-top: 0px; margin-right: auto; margin-bottom: 0px; margin-left: 0px\\\">Confirm</a>\\n            </div>\\n          </div>\\n        </div>\\n      </div>\\n    </div>\\n  </div>\\n  <style data-mode=\\\"XL\\\">@media (max-width: 0px) { .u-block-9c7c-1 {background-image: none}\\n.u-block-9c7c-2 {min-height: 212px}\\n.u-block-9c7c-7 {margin-top: 30px; margin-bottom: 30px}\\n.u-block-9c7c-8 {min-height: 152px}\\n.u-block-9c7c-9 {padding-top: 30px; padding-bottom: 30px; padding-left: 60px; padding-right: 60px}\\n.u-block-9c7c-6 {margin-top: 0px; margin-right: 20px; margin-bottom: 0px}\\n.u-block-9c7c-5 {margin-top: 8px; margin-right: 20px; margin-bottom: 0px; margin-left: 0px}\\n.u-block-9c7c-10 {min-height: 152px}\\n.u-block-9c7c-11 {padding-top: 30px; padding-bottom: 30px; padding-left: 30px; padding-right: 30px}\\n.u-block-9c7c-3 {margin-top: 0px; margin-right: auto; margin-bottom: 0px; margin-left: 0px} }</style>\\n  <style data-mode=\\\"LG\\\">@media (max-width: 0px) { .u-block-9c7c-1 {background-image: none}\\n.u-block-9c7c-2 {min-height: 131px}\\n.u-block-9c7c-7 {margin-top: 30px; margin-bottom: 30px}\\n.u-block-9c7c-8 {min-height: 125px}\\n.u-block-9c7c-9 {padding-top: 30px; padding-bottom: 30px; padding-left: 60px; padding-right: 60px}\\n.u-block-9c7c-6 {margin-top: 0px; margin-right: 0px; margin-bottom: 0px}\\n.u-block-9c7c-5 {margin-top: 8px; margin-right: 0px; margin-bottom: 0px; margin-left: 0px}\\n.u-block-9c7c-10 {min-height: 125px}\\n.u-block-9c7c-11 {padding-top: 30px; padding-bottom: 30px; padding-left: 30px; padding-right: 30px}\\n.u-block-9c7c-3 {margin-top: 0px; margin-right: auto; margin-bottom: 0px; margin-left: 0px} }</style>\\n  <style data-mode=\\\"MD\\\" data-visited=\\\"true\\\">@media (max-width: 0px) { .u-block-9c7c-1 {background-image: none}\\n.u-block-9c7c-2 {min-height: 106px}\\n.u-block-9c7c-7 {margin-top: 30px; margin-bottom: 30px}\\n.u-block-9c7c-8 {min-height: 100px}\\n.u-block-9c7c-9 {padding-top: 30px; padding-bottom: 30px; padding-left: 30px; padding-right: 30px}\\n.u-block-9c7c-6 {margin-top: 0px; margin-right: 0px; margin-bottom: 0px}\\n.u-block-9c7c-5 {margin-top: 8px; margin-right: 0px; margin-bottom: 0px; margin-left: 0px}\\n.u-block-9c7c-10 {min-height: 100px}\\n.u-block-9c7c-11 {padding-top: 30px; padding-bottom: 30px; padding-left: 30px; padding-right: 30px}\\n.u-block-9c7c-3 {margin-top: 0px; margin-right: auto; margin-bottom: 0px; margin-left: 0px} }</style>\\n  <style data-mode=\\\"SM\\\" data-visited=\\\"true\\\">@media (max-width: 0px) { .u-block-9c7c-1 {background-image: none}\\n.u-block-9c7c-2 {min-height: 225px}\\n.u-block-9c7c-7 {margin-top: 30px; margin-bottom: 30px}\\n.u-block-9c7c-8 {min-height: 154px}\\n.u-block-9c7c-9 {padding-top: 30px; padding-left: 10px; padding-right: 10px; padding-bottom: 20px}\\n.u-block-9c7c-6 {margin-top: 0px; margin-right: 0px; margin-bottom: 0px}\\n.u-block-9c7c-5 {margin-top: 8px; margin-right: 0px; margin-bottom: 0px; margin-left: 0px}\\n.u-block-9c7c-10 {min-height: 65px}\\n.u-block-9c7c-11 {padding-top: 10px; padding-bottom: 10px; padding-left: 10px; padding-right: 10px}\\n.u-block-9c7c-3 {margin-top: 0px; margin-right: auto; margin-bottom: 0px; margin-left: 0px} }</style>\\n  <style data-mode=\\\"XS\\\" data-visited=\\\"true\\\">@media (max-width: 0px) { .u-block-9c7c-1 {background-image: none}\\n.u-block-9c7c-2 {min-height: 121px}\\n.u-block-9c7c-7 {margin-top: 30px; margin-bottom: 30px}\\n.u-block-9c7c-8 {min-height: 100px}\\n.u-block-9c7c-9 {padding-top: 30px; padding-bottom: 20px; padding-left: 10px; padding-right: 10px}\\n.u-block-9c7c-6 {margin-top: 0px; margin-right: 0px; margin-bottom: 0px}\\n.u-block-9c7c-5 {margin-top: 8px; margin-right: 0px; margin-bottom: 0px; margin-left: 0px}\\n.u-block-9c7c-10 {min-height: 15px}\\n.u-block-9c7c-11 {padding-top: 10px; padding-bottom: 10px; padding-left: 10px; padding-right: 10px}\\n.u-block-9c7c-3 {margin-top: 0px; margin-right: auto; margin-bottom: 0px; margin-left: 0px} }</style>\\n</section>\",\"themeBackLinks\":\"\",\"blog\":\"{\\\"posts\\\":{\\\"items\\\":[]}}\",\"domain\":\"\"}","dialog":null,"title":"WebSite1338177","siteStyleCss":"<style id=\"color-scheme\" color-scheme=\"u10\" color-style=\"monochrome-1\">.u-body {\n--none: transparent;\n--none-darker: transparent;\n--none-r: 255;\n--none-g: 255;\n--none-b: 255;\n--none-contrast: body-color;\n--none-contrast-darker: body-color;\n--none-text-color: var(--body-color);\n--transparent: transparent;\n--transparent-darker: transparent;\n--transparent-r: 255;\n--transparent-g: 255;\n--transparent-b: 255;\n--transparent-contrast: body-color;\n--transparent-contrast-darker: body-color;\n--transparent-text-color: var(--body-color);\n--body-color: #111111;\n--body-color-darker: #0f0f0f;\n--body-color-r: 17;\n--body-color-g: 17;\n--body-color-b: 17;\n--body-color-contrast: white;\n--body-color-contrast-darker: white;\n--body-color-text-color: var(--body-alt-color);\n--body-alt-color: #ffffff;\n--body-alt-color-darker: #e6e6e6;\n--body-alt-color-r: 255;\n--body-alt-color-g: 255;\n--body-alt-color-b: 255;\n--body-alt-color-contrast: black;\n--body-alt-color-contrast-darker: black;\n--body-alt-color-text-color: var(--body-color);\n--bg-color: #ffffff;\n--bg-color-darker: #e6e6e6;\n--bg-color-r: 255;\n--bg-color-g: 255;\n--bg-color-b: 255;\n--bg-color-contrast: black;\n--bg-color-contrast-darker: black;\n--bg-color-text-color: var(--body-color);\n--palette-1-base: #5d5838;\n--palette-1-base-darker: #544f32;\n--palette-1-base-r: 93;\n--palette-1-base-g: 88;\n--palette-1-base-b: 56;\n--palette-1-base-contrast: white;\n--palette-1-base-contrast-darker: white;\n--palette-1-base-text-color: var(--body-alt-color);\n--palette-1-dark-3: #333229;\n--palette-1-dark-3-darker: #2e2d25;\n--palette-1-dark-3-r: 51;\n--palette-1-dark-3-g: 50;\n--palette-1-dark-3-b: 41;\n--palette-1-dark-3-contrast: white;\n--palette-1-dark-3-contrast-darker: white;\n--palette-1-dark-3-text-color: var(--body-alt-color);\n--palette-1-dark-2: #5d5838;\n--palette-1-dark-2-darker: #544f32;\n--palette-1-dark-2-r: 93;\n--palette-1-dark-2-g: 88;\n--palette-1-dark-2-b: 56;\n--palette-1-dark-2-contrast: white;\n--palette-1-dark-2-contrast-darker: white;\n--palette-1-dark-2-text-color: var(--body-alt-color);\n--palette-1-dark-1: #8d875e;\n--palette-1-dark-1-darker: #7f7a55;\n--palette-1-dark-1-r: 141;\n--palette-1-dark-1-g: 135;\n--palette-1-dark-1-b: 94;\n--palette-1-dark-1-contrast: white;\n--palette-1-dark-1-contrast-darker: white;\n--palette-1-dark-1-text-color: var(--body-alt-color);\n--palette-1: #bdb78b;\n--palette-1-darker: #b1aa76;\n--palette-1-r: 189;\n--palette-1-g: 183;\n--palette-1-b: 139;\n--palette-1-contrast: white;\n--palette-1-contrast-darker: white;\n--palette-1-text-color: var(--body-alt-color);\n--palette-1-light-1: #d1ccaa;\n--palette-1-light-1-darker: #c4bd91;\n--palette-1-light-1-r: 209;\n--palette-1-light-1-g: 204;\n--palette-1-light-1-b: 170;\n--palette-1-light-1-contrast: black;\n--palette-1-light-1-contrast-darker: black;\n--palette-1-light-1-text-color: var(--body-color);\n--palette-1-light-2: #e5e1cc;\n--palette-1-light-2-darker: #d6d0af;\n--palette-1-light-2-r: 229;\n--palette-1-light-2-g: 225;\n--palette-1-light-2-b: 204;\n--palette-1-light-2-contrast: black;\n--palette-1-light-2-contrast-darker: black;\n--palette-1-light-2-text-color: var(--body-color);\n--palette-1-light-3: #f8f8f2;\n--palette-1-light-3-darker: #e7e7d2;\n--palette-1-light-3-r: 248;\n--palette-1-light-3-g: 248;\n--palette-1-light-3-b: 242;\n--palette-1-light-3-contrast: black;\n--palette-1-light-3-contrast-darker: black;\n--palette-1-light-3-text-color: var(--body-color);\n--palette-2-base: #866421;\n--palette-2-base-darker: #795a1e;\n--palette-2-base-r: 134;\n--palette-2-base-g: 100;\n--palette-2-base-b: 33;\n--palette-2-base-contrast: white;\n--palette-2-base-contrast-darker: white;\n--palette-2-base-text-color: var(--body-alt-color);\n--palette-2-dark-3: #333029;\n--palette-2-dark-3-darker: #2e2b25;\n--palette-2-dark-3-r: 51;\n--palette-2-dark-3-g: 48;\n--palette-2-dark-3-b: 41;\n--palette-2-dark-3-contrast: white;\n--palette-2-dark-3-contrast-darker: white;\n--palette-2-dark-3-text-color: var(--body-alt-color);\n--palette-2-dark-2: #5d4e30;\n--palette-2-dark-2-darker: #54462b;\n--palette-2-dark-2-r: 93;\n--palette-2-dark-2-g: 78;\n--palette-2-dark-2-b: 48;\n--palette-2-dark-2-contrast: white;\n--palette-2-dark-2-contrast-darker: white;\n--palette-2-dark-2-text-color: var(--body-alt-color);\n--palette-2-dark-1: #866421;\n--palette-2-dark-1-darker: #795a1e;\n--palette-2-dark-1-r: 134;\n--palette-2-dark-1-g: 100;\n--palette-2-dark-1-b: 33;\n--palette-2-dark-1-contrast: white;\n--palette-2-dark-1-contrast-darker: white;\n--palette-2-dark-1-text-color: var(--body-alt-color);\n--palette-2: #deaf52;\n--palette-2-darker: #d9a338;\n--palette-2-r: 222;\n--palette-2-g: 175;\n--palette-2-b: 82;\n--palette-2-contrast: white;\n--palette-2-contrast-darker: white;\n--palette-2-text-color: var(--body-alt-color);\n--palette-2-light-1: #e8c581;\n--palette-2-light-1-darker: #e2b762;\n--palette-2-light-1-r: 232;\n--palette-2-light-1-g: 197;\n--palette-2-light-1-b: 129;\n--palette-2-light-1-contrast: black;\n--palette-2-light-1-contrast-darker: black;\n--palette-2-light-1-text-color: var(--body-color);\n--palette-2-light-2: #f2ddb5;\n--palette-2-light-2-darker: #eccc91;\n--palette-2-light-2-r: 242;\n--palette-2-light-2-g: 221;\n--palette-2-light-2-b: 181;\n--palette-2-light-2-contrast: black;\n--palette-2-light-2-contrast-darker: black;\n--palette-2-light-2-text-color: var(--body-color);\n--palette-2-light-3: #fcf6ec;\n--palette-2-light-3-darker: #f5e2c2;\n--palette-2-light-3-r: 252;\n--palette-2-light-3-g: 246;\n--palette-2-light-3-b: 236;\n--palette-2-light-3-contrast: black;\n--palette-2-light-3-contrast-darker: black;\n--palette-2-light-3-text-color: var(--body-color);\n--palette-3-base: #f1c661;\n--palette-3-base-darker: #eebb42;\n--palette-3-base-r: 241;\n--palette-3-base-g: 198;\n--palette-3-base-b: 97;\n--palette-3-base-contrast: black;\n--palette-3-base-contrast-darker: black;\n--palette-3-base-text-color: var(--body-color);\n--palette-3-dark-3: #333029;\n--palette-3-dark-3-darker: #2e2b25;\n--palette-3-dark-3-r: 51;\n--palette-3-dark-3-g: 48;\n--palette-3-dark-3-b: 41;\n--palette-3-dark-3-contrast: white;\n--palette-3-dark-3-contrast-darker: white;\n--palette-3-dark-3-text-color: var(--body-alt-color);\n--palette-3-dark-2: #72674c;\n--palette-3-dark-2-darker: #675d44;\n--palette-3-dark-2-r: 114;\n--palette-3-dark-2-g: 103;\n--palette-3-dark-2-b: 76;\n--palette-3-dark-2-contrast: white;\n--palette-3-dark-2-contrast-darker: white;\n--palette-3-dark-2-text-color: var(--body-alt-color);\n--palette-3-dark-1: #b2995f;\n--palette-3-dark-1-darker: #a68c50;\n--palette-3-dark-1-r: 178;\n--palette-3-dark-1-g: 153;\n--palette-3-dark-1-b: 95;\n--palette-3-dark-1-contrast: white;\n--palette-3-dark-1-contrast-darker: white;\n--palette-3-dark-1-text-color: var(--body-alt-color);\n--palette-3: #f1c661;\n--palette-3-darker: #eebb42;\n--palette-3-r: 241;\n--palette-3-g: 198;\n--palette-3-b: 97;\n--palette-3-contrast: black;\n--palette-3-contrast-darker: black;\n--palette-3-text-color: var(--body-color);\n--palette-3-light-1: #f5d78f;\n--palette-3-light-1-darker: #f2ca6b;\n--palette-3-light-1-r: 245;\n--palette-3-light-1-g: 215;\n--palette-3-light-1-b: 143;\n--palette-3-light-1-contrast: black;\n--palette-3-light-1-contrast-darker: black;\n--palette-3-light-1-text-color: var(--body-color);\n--palette-3-light-2: #f9e8be;\n--palette-3-light-2-darker: #f5da96;\n--palette-3-light-2-r: 249;\n--palette-3-light-2-g: 232;\n--palette-3-light-2-b: 190;\n--palette-3-light-2-contrast: black;\n--palette-3-light-2-contrast-darker: black;\n--palette-3-light-2-text-color: var(--body-color);\n--palette-3-light-3: #fef9ee;\n--palette-3-light-3-darker: #fbe9c0;\n--palette-3-light-3-r: 254;\n--palette-3-light-3-g: 249;\n--palette-3-light-3-b: 238;\n--palette-3-light-3-contrast: black;\n--palette-3-light-3-contrast-darker: black;\n--palette-3-light-3-text-color: var(--body-color);\n--palette-4-base: #667161;\n--palette-4-base-darker: #5c6657;\n--palette-4-base-r: 102;\n--palette-4-base-g: 113;\n--palette-4-base-b: 97;\n--palette-4-base-contrast: white;\n--palette-4-base-contrast-darker: white;\n--palette-4-base-text-color: var(--body-alt-color);\n--palette-4-dark-3: #2c3329;\n--palette-4-dark-3-darker: #282e25;\n--palette-4-dark-3-r: 44;\n--palette-4-dark-3-g: 51;\n--palette-4-dark-3-b: 41;\n--palette-4-dark-3-contrast: white;\n--palette-4-dark-3-contrast-darker: white;\n--palette-4-dark-3-text-color: var(--body-alt-color);\n--palette-4-dark-2: #485244;\n--palette-4-dark-2-darker: #414a3d;\n--palette-4-dark-2-r: 72;\n--palette-4-dark-2-g: 82;\n--palette-4-dark-2-b: 68;\n--palette-4-dark-2-contrast: white;\n--palette-4-dark-2-contrast-darker: white;\n--palette-4-dark-2-text-color: var(--body-alt-color);\n--palette-4-dark-1: #667161;\n--palette-4-dark-1-darker: #5c6657;\n--palette-4-dark-1-r: 102;\n--palette-4-dark-1-g: 113;\n--palette-4-dark-1-b: 97;\n--palette-4-dark-1-contrast: white;\n--palette-4-dark-1-contrast-darker: white;\n--palette-4-dark-1-text-color: var(--body-alt-color);\n--palette-4: #a2b09c;\n--palette-4-darker: #91a18a;\n--palette-4-r: 162;\n--palette-4-g: 176;\n--palette-4-b: 156;\n--palette-4-contrast: white;\n--palette-4-contrast-darker: white;\n--palette-4-text-color: var(--body-alt-color);\n--palette-4-light-1: #bdc8b8;\n--palette-4-light-1-darker: #a9b7a2;\n--palette-4-light-1-r: 189;\n--palette-4-light-1-g: 200;\n--palette-4-light-1-b: 184;\n--palette-4-light-1-contrast: black;\n--palette-4-light-1-contrast-darker: white;\n--palette-4-light-1-text-color: var(--body-color);\n--palette-4-light-2: #d8dfd5;\n--palette-4-light-2-darker: #c1ccbc;\n--palette-4-light-2-r: 216;\n--palette-4-light-2-g: 223;\n--palette-4-light-2-b: 213;\n--palette-4-light-2-contrast: black;\n--palette-4-light-2-contrast-darker: black;\n--palette-4-light-2-text-color: var(--body-color);\n--palette-4-light-3: #f5f7f4;\n--palette-4-light-3-darker: #dbe2d8;\n--palette-4-light-3-r: 245;\n--palette-4-light-3-g: 247;\n--palette-4-light-3-b: 244;\n--palette-4-light-3-contrast: black;\n--palette-4-light-3-contrast-darker: black;\n--palette-4-light-3-text-color: var(--body-color);\n--palette-5-base: #7d8289;\n--palette-5-base-darker: #70757c;\n--palette-5-base-r: 125;\n--palette-5-base-g: 130;\n--palette-5-base-b: 137;\n--palette-5-base-contrast: white;\n--palette-5-base-contrast-darker: white;\n--palette-5-base-text-color: var(--body-alt-color);\n--palette-5-dark-3: #292d33;\n--palette-5-dark-3-darker: #25292e;\n--palette-5-dark-3-r: 41;\n--palette-5-dark-3-g: 45;\n--palette-5-dark-3-b: 51;\n--palette-5-dark-3-contrast: white;\n--palette-5-dark-3-contrast-darker: white;\n--palette-5-dark-3-text-color: var(--body-alt-color);\n--palette-5-dark-2: #50565e;\n--palette-5-dark-2-darker: #484d55;\n--palette-5-dark-2-r: 80;\n--palette-5-dark-2-g: 86;\n--palette-5-dark-2-b: 94;\n--palette-5-dark-2-contrast: white;\n--palette-5-dark-2-contrast-darker: white;\n--palette-5-dark-2-text-color: var(--body-alt-color);\n--palette-5-dark-1: #7d8289;\n--palette-5-dark-1-darker: #70757c;\n--palette-5-dark-1-r: 125;\n--palette-5-dark-1-g: 130;\n--palette-5-dark-1-b: 137;\n--palette-5-dark-1-contrast: white;\n--palette-5-dark-1-contrast-darker: white;\n--palette-5-dark-1-text-color: var(--body-alt-color);\n--palette-5: #99a4b3;\n--palette-5-darker: #8693a5;\n--palette-5-r: 153;\n--palette-5-g: 164;\n--palette-5-b: 179;\n--palette-5-contrast: white;\n--palette-5-contrast-darker: white;\n--palette-5-text-color: var(--body-alt-color);\n--palette-5-light-1: #b5bec9;\n--palette-5-light-1-darker: #9fabb9;\n--palette-5-light-1-r: 181;\n--palette-5-light-1-g: 190;\n--palette-5-light-1-b: 201;\n--palette-5-light-1-contrast: black;\n--palette-5-light-1-contrast-darker: white;\n--palette-5-light-1-text-color: var(--body-color);\n--palette-5-light-2: #d4d9e0;\n--palette-5-light-2-darker: #bbc3ce;\n--palette-5-light-2-r: 212;\n--palette-5-light-2-g: 217;\n--palette-5-light-2-b: 224;\n--palette-5-light-2-contrast: black;\n--palette-5-light-2-contrast-darker: black;\n--palette-5-light-2-text-color: var(--body-color);\n--palette-5-light-3: #f4f5f7;\n--palette-5-light-3-darker: #d8dbe2;\n--palette-5-light-3-r: 244;\n--palette-5-light-3-g: 245;\n--palette-5-light-3-b: 247;\n--palette-5-light-3-contrast: black;\n--palette-5-light-3-contrast-darker: black;\n--palette-5-light-3-text-color: var(--body-color);\n--grey-40: #999999;\n--grey-40-darker: #8a8a8a;\n--grey-40-r: 153;\n--grey-40-g: 153;\n--grey-40-b: 153;\n--grey-40-contrast: white;\n--grey-40-contrast-darker: white;\n--grey-40-text-color: var(--body-alt-color);\n--grey-30: #b3b3b3;\n--grey-30-darker: #a1a1a1;\n--grey-30-r: 179;\n--grey-30-g: 179;\n--grey-30-b: 179;\n--grey-30-contrast: white;\n--grey-30-contrast-darker: white;\n--grey-30-text-color: var(--body-alt-color);\n--grey-25: #c0c0c0;\n--grey-25-darker: #adadad;\n--grey-25-r: 192;\n--grey-25-g: 192;\n--grey-25-b: 192;\n--grey-25-contrast: black;\n--grey-25-contrast-darker: white;\n--grey-25-text-color: var(--body-color);\n--white: #ffffff;\n--white-darker: #e6e6e6;\n--white-r: 255;\n--white-g: 255;\n--white-b: 255;\n--white-contrast: black;\n--white-contrast-darker: black;\n--white-text-color: var(--body-color);\n--grey-15: #d9d9d9;\n--grey-15-darker: #c3c3c3;\n--grey-15-r: 217;\n--grey-15-g: 217;\n--grey-15-b: 217;\n--grey-15-contrast: black;\n--grey-15-contrast-darker: black;\n--grey-15-text-color: var(--body-color);\n--grey-10: #e5e5e5;\n--grey-10-darker: #cecece;\n--grey-10-r: 229;\n--grey-10-g: 229;\n--grey-10-b: 229;\n--grey-10-contrast: black;\n--grey-10-contrast-darker: black;\n--grey-10-text-color: var(--body-color);\n--grey-5: #f2f2f2;\n--grey-5-darker: #dadada;\n--grey-5-r: 242;\n--grey-5-g: 242;\n--grey-5-b: 242;\n--grey-5-contrast: black;\n--grey-5-contrast-darker: black;\n--grey-5-text-color: var(--body-color);\n--grey-90: #1a1a1a;\n--grey-90-darker: #171717;\n--grey-90-r: 26;\n--grey-90-g: 26;\n--grey-90-b: 26;\n--grey-90-contrast: white;\n--grey-90-contrast-darker: white;\n--grey-90-text-color: var(--body-alt-color);\n--grey-80: #333333;\n--grey-80-darker: #2e2e2e;\n--grey-80-r: 51;\n--grey-80-g: 51;\n--grey-80-b: 51;\n--grey-80-contrast: white;\n--grey-80-contrast-darker: white;\n--grey-80-text-color: var(--body-alt-color);\n--grey-75: #404040;\n--grey-75-darker: #3a3a3a;\n--grey-75-r: 64;\n--grey-75-g: 64;\n--grey-75-b: 64;\n--grey-75-contrast: white;\n--grey-75-contrast-darker: white;\n--grey-75-text-color: var(--body-alt-color);\n--black: #000000;\n--black-darker: #000000;\n--black-r: 0;\n--black-g: 0;\n--black-b: 0;\n--black-contrast: white;\n--black-contrast-darker: white;\n--black-text-color: var(--body-alt-color);\n--grey-70: #4d4d4d;\n--grey-70-darker: #454545;\n--grey-70-r: 77;\n--grey-70-g: 77;\n--grey-70-b: 77;\n--grey-70-contrast: white;\n--grey-70-contrast-darker: white;\n--grey-70-text-color: var(--body-alt-color);\n--grey-60: #666666;\n--grey-60-darker: #5c5c5c;\n--grey-60-r: 102;\n--grey-60-g: 102;\n--grey-60-b: 102;\n--grey-60-contrast: white;\n--grey-60-contrast-darker: white;\n--grey-60-text-color: var(--body-alt-color);\n--grey-50: #808080;\n--grey-50-darker: #737373;\n--grey-50-r: 128;\n--grey-50-g: 128;\n--grey-50-b: 128;\n--grey-50-contrast: white;\n--grey-50-contrast-darker: white;\n--grey-50-text-color: var(--body-alt-color);\n--grey-dark-3: #212121;\n--grey-dark-3-darker: #1e1e1e;\n--grey-dark-3-r: 33;\n--grey-dark-3-g: 33;\n--grey-dark-3-b: 33;\n--grey-dark-3-contrast: white;\n--grey-dark-3-contrast-darker: white;\n--grey-dark-3-text-color: var(--body-alt-color);\n--grey-dark-2: #333333;\n--grey-dark-2-darker: #2e2e2e;\n--grey-dark-2-r: 51;\n--grey-dark-2-g: 51;\n--grey-dark-2-b: 51;\n--grey-dark-2-contrast: white;\n--grey-dark-2-contrast-darker: white;\n--grey-dark-2-text-color: var(--body-alt-color);\n--grey-dark-1: #454545;\n--grey-dark-1-darker: #3e3e3e;\n--grey-dark-1-r: 69;\n--grey-dark-1-g: 69;\n--grey-dark-1-b: 69;\n--grey-dark-1-contrast: white;\n--grey-dark-1-contrast-darker: white;\n--grey-dark-1-text-color: var(--body-alt-color);\n--grey: #b3b3b3;\n--grey-darker: #a1a1a1;\n--grey-r: 179;\n--grey-g: 179;\n--grey-b: 179;\n--grey-contrast: white;\n--grey-contrast-darker: white;\n--grey-text-color: var(--body-alt-color);\n--grey-light-1: #d9d9d9;\n--grey-light-1-darker: #c3c3c3;\n--grey-light-1-r: 217;\n--grey-light-1-g: 217;\n--grey-light-1-b: 217;\n--grey-light-1-contrast: black;\n--grey-light-1-contrast-darker: black;\n--grey-light-1-text-color: var(--body-color);\n--grey-light-2: #eeeeee;\n--grey-light-2-darker: #d6d6d6;\n--grey-light-2-r: 238;\n--grey-light-2-g: 238;\n--grey-light-2-b: 238;\n--grey-light-2-contrast: black;\n--grey-light-2-contrast-darker: black;\n--grey-light-2-text-color: var(--body-color);\n--grey-light-3: #f6f6f6;\n--grey-light-3-darker: #dddddd;\n--grey-light-3-r: 246;\n--grey-light-3-g: 246;\n--grey-light-3-b: 246;\n--grey-light-3-contrast: black;\n--grey-light-3-contrast-darker: black;\n--grey-light-3-text-color: var(--body-color);\n--color-1-base: #5d5838;\n--color-1-base-darker: #544f32;\n--color-1-base-r: 93;\n--color-1-base-g: 88;\n--color-1-base-b: 56;\n--color-1-base-contrast: white;\n--color-1-base-contrast-darker: white;\n--color-1-base-text-color: var(--body-alt-color);\n--color-1-dark-3: #333229;\n--color-1-dark-3-darker: #2e2d25;\n--color-1-dark-3-r: 51;\n--color-1-dark-3-g: 50;\n--color-1-dark-3-b: 41;\n--color-1-dark-3-contrast: white;\n--color-1-dark-3-contrast-darker: white;\n--color-1-dark-3-text-color: var(--body-alt-color);\n--color-1-dark-2: #5d5838;\n--color-1-dark-2-darker: #544f32;\n--color-1-dark-2-r: 93;\n--color-1-dark-2-g: 88;\n--color-1-dark-2-b: 56;\n--color-1-dark-2-contrast: white;\n--color-1-dark-2-contrast-darker: white;\n--color-1-dark-2-text-color: var(--body-alt-color);\n--color-1-dark-1: #8d875e;\n--color-1-dark-1-darker: #7f7a55;\n--color-1-dark-1-r: 141;\n--color-1-dark-1-g: 135;\n--color-1-dark-1-b: 94;\n--color-1-dark-1-contrast: white;\n--color-1-dark-1-contrast-darker: white;\n--color-1-dark-1-text-color: var(--body-alt-color);\n--color-1: #bdb78b;\n--color-1-darker: #b1aa76;\n--color-1-r: 189;\n--color-1-g: 183;\n--color-1-b: 139;\n--color-1-contrast: white;\n--color-1-contrast-darker: white;\n--color-1-text-color: var(--body-alt-color);\n--color-1-light-1: #d1ccaa;\n--color-1-light-1-darker: #c4bd91;\n--color-1-light-1-r: 209;\n--color-1-light-1-g: 204;\n--color-1-light-1-b: 170;\n--color-1-light-1-contrast: black;\n--color-1-light-1-contrast-darker: black;\n--color-1-light-1-text-color: var(--body-color);\n--color-1-light-2: #e5e1cc;\n--color-1-light-2-darker: #d6d0af;\n--color-1-light-2-r: 229;\n--color-1-light-2-g: 225;\n--color-1-light-2-b: 204;\n--color-1-light-2-contrast: black;\n--color-1-light-2-contrast-darker: black;\n--color-1-light-2-text-color: var(--body-color);\n--color-1-light-3: #f8f8f2;\n--color-1-light-3-darker: #e7e7d2;\n--color-1-light-3-r: 248;\n--color-1-light-3-g: 248;\n--color-1-light-3-b: 242;\n--color-1-light-3-contrast: black;\n--color-1-light-3-contrast-darker: black;\n--color-1-light-3-text-color: var(--body-color);\n--color-2-base: #866421;\n--color-2-base-darker: #795a1e;\n--color-2-base-r: 134;\n--color-2-base-g: 100;\n--color-2-base-b: 33;\n--color-2-base-contrast: white;\n--color-2-base-contrast-darker: white;\n--color-2-base-text-color: var(--body-alt-color);\n--color-2-dark-3: #333029;\n--color-2-dark-3-darker: #2e2b25;\n--color-2-dark-3-r: 51;\n--color-2-dark-3-g: 48;\n--color-2-dark-3-b: 41;\n--color-2-dark-3-contrast: white;\n--color-2-dark-3-contrast-darker: white;\n--color-2-dark-3-text-color: var(--body-alt-color);\n--color-2-dark-2: #5d4e30;\n--color-2-dark-2-darker: #54462b;\n--color-2-dark-2-r: 93;\n--color-2-dark-2-g: 78;\n--color-2-dark-2-b: 48;\n--color-2-dark-2-contrast: white;\n--color-2-dark-2-contrast-darker: white;\n--color-2-dark-2-text-color: var(--body-alt-color);\n--color-2-dark-1: #866421;\n--color-2-dark-1-darker: #795a1e;\n--color-2-dark-1-r: 134;\n--color-2-dark-1-g: 100;\n--color-2-dark-1-b: 33;\n--color-2-dark-1-contrast: white;\n--color-2-dark-1-contrast-darker: white;\n--color-2-dark-1-text-color: var(--body-alt-color);\n--color-2: #deaf52;\n--color-2-darker: #d9a338;\n--color-2-r: 222;\n--color-2-g: 175;\n--color-2-b: 82;\n--color-2-contrast: white;\n--color-2-contrast-darker: white;\n--color-2-text-color: var(--body-alt-color);\n--color-2-light-1: #e8c581;\n--color-2-light-1-darker: #e2b762;\n--color-2-light-1-r: 232;\n--color-2-light-1-g: 197;\n--color-2-light-1-b: 129;\n--color-2-light-1-contrast: black;\n--color-2-light-1-contrast-darker: black;\n--color-2-light-1-text-color: var(--body-color);\n--color-2-light-2: #f2ddb5;\n--color-2-light-2-darker: #eccc91;\n--color-2-light-2-r: 242;\n--color-2-light-2-g: 221;\n--color-2-light-2-b: 181;\n--color-2-light-2-contrast: black;\n--color-2-light-2-contrast-darker: black;\n--color-2-light-2-text-color: var(--body-color);\n--color-2-light-3: #fcf6ec;\n--color-2-light-3-darker: #f5e2c2;\n--color-2-light-3-r: 252;\n--color-2-light-3-g: 246;\n--color-2-light-3-b: 236;\n--color-2-light-3-contrast: black;\n--color-2-light-3-contrast-darker: black;\n--color-2-light-3-text-color: var(--body-color);\n--color-3-base: #f1c661;\n--color-3-base-darker: #eebb42;\n--color-3-base-r: 241;\n--color-3-base-g: 198;\n--color-3-base-b: 97;\n--color-3-base-contrast: black;\n--color-3-base-contrast-darker: black;\n--color-3-base-text-color: var(--body-color);\n--color-3-dark-3: #333029;\n--color-3-dark-3-darker: #2e2b25;\n--color-3-dark-3-r: 51;\n--color-3-dark-3-g: 48;\n--color-3-dark-3-b: 41;\n--color-3-dark-3-contrast: white;\n--color-3-dark-3-contrast-darker: white;\n--color-3-dark-3-text-color: var(--body-alt-color);\n--color-3-dark-2: #72674c;\n--color-3-dark-2-darker: #675d44;\n--color-3-dark-2-r: 114;\n--color-3-dark-2-g: 103;\n--color-3-dark-2-b: 76;\n--color-3-dark-2-contrast: white;\n--color-3-dark-2-contrast-darker: white;\n--color-3-dark-2-text-color: var(--body-alt-color);\n--color-3-dark-1: #b2995f;\n--color-3-dark-1-darker: #a68c50;\n--color-3-dark-1-r: 178;\n--color-3-dark-1-g: 153;\n--color-3-dark-1-b: 95;\n--color-3-dark-1-contrast: white;\n--color-3-dark-1-contrast-darker: white;\n--color-3-dark-1-text-color: var(--body-alt-color);\n--color-3: #f1c661;\n--color-3-darker: #eebb42;\n--color-3-r: 241;\n--color-3-g: 198;\n--color-3-b: 97;\n--color-3-contrast: black;\n--color-3-contrast-darker: black;\n--color-3-text-color: var(--body-color);\n--color-3-light-1: #f5d78f;\n--color-3-light-1-darker: #f2ca6b;\n--color-3-light-1-r: 245;\n--color-3-light-1-g: 215;\n--color-3-light-1-b: 143;\n--color-3-light-1-contrast: black;\n--color-3-light-1-contrast-darker: black;\n--color-3-light-1-text-color: var(--body-color);\n--color-3-light-2: #f9e8be;\n--color-3-light-2-darker: #f5da96;\n--color-3-light-2-r: 249;\n--color-3-light-2-g: 232;\n--color-3-light-2-b: 190;\n--color-3-light-2-contrast: black;\n--color-3-light-2-contrast-darker: black;\n--color-3-light-2-text-color: var(--body-color);\n--color-3-light-3: #fef9ee;\n--color-3-light-3-darker: #fbe9c0;\n--color-3-light-3-r: 254;\n--color-3-light-3-g: 249;\n--color-3-light-3-b: 238;\n--color-3-light-3-contrast: black;\n--color-3-light-3-contrast-darker: black;\n--color-3-light-3-text-color: var(--body-color);\n--color-4-base: #667161;\n--color-4-base-darker: #5c6657;\n--color-4-base-r: 102;\n--color-4-base-g: 113;\n--color-4-base-b: 97;\n--color-4-base-contrast: white;\n--color-4-base-contrast-darker: white;\n--color-4-base-text-color: var(--body-alt-color);\n--color-4-dark-3: #2c3329;\n--color-4-dark-3-darker: #282e25;\n--color-4-dark-3-r: 44;\n--color-4-dark-3-g: 51;\n--color-4-dark-3-b: 41;\n--color-4-dark-3-contrast: white;\n--color-4-dark-3-contrast-darker: white;\n--color-4-dark-3-text-color: var(--body-alt-color);\n--color-4-dark-2: #485244;\n--color-4-dark-2-darker: #414a3d;\n--color-4-dark-2-r: 72;\n--color-4-dark-2-g: 82;\n--color-4-dark-2-b: 68;\n--color-4-dark-2-contrast: white;\n--color-4-dark-2-contrast-darker: white;\n--color-4-dark-2-text-color: var(--body-alt-color);\n--color-4-dark-1: #667161;\n--color-4-dark-1-darker: #5c6657;\n--color-4-dark-1-r: 102;\n--color-4-dark-1-g: 113;\n--color-4-dark-1-b: 97;\n--color-4-dark-1-contrast: white;\n--color-4-dark-1-contrast-darker: white;\n--color-4-dark-1-text-color: var(--body-alt-color);\n--color-4: #a2b09c;\n--color-4-darker: #91a18a;\n--color-4-r: 162;\n--color-4-g: 176;\n--color-4-b: 156;\n--color-4-contrast: white;\n--color-4-contrast-darker: white;\n--color-4-text-color: var(--body-alt-color);\n--color-4-light-1: #bdc8b8;\n--color-4-light-1-darker: #a9b7a2;\n--color-4-light-1-r: 189;\n--color-4-light-1-g: 200;\n--color-4-light-1-b: 184;\n--color-4-light-1-contrast: black;\n--color-4-light-1-contrast-darker: white;\n--color-4-light-1-text-color: var(--body-color);\n--color-4-light-2: #d8dfd5;\n--color-4-light-2-darker: #c1ccbc;\n--color-4-light-2-r: 216;\n--color-4-light-2-g: 223;\n--color-4-light-2-b: 213;\n--color-4-light-2-contrast: black;\n--color-4-light-2-contrast-darker: black;\n--color-4-light-2-text-color: var(--body-color);\n--color-4-light-3: #f5f7f4;\n--color-4-light-3-darker: #dbe2d8;\n--color-4-light-3-r: 245;\n--color-4-light-3-g: 247;\n--color-4-light-3-b: 244;\n--color-4-light-3-contrast: black;\n--color-4-light-3-contrast-darker: black;\n--color-4-light-3-text-color: var(--body-color);\n--color-5-base: #7d8289;\n--color-5-base-darker: #70757c;\n--color-5-base-r: 125;\n--color-5-base-g: 130;\n--color-5-base-b: 137;\n--color-5-base-contrast: white;\n--color-5-base-contrast-darker: white;\n--color-5-base-text-color: var(--body-alt-color);\n--color-5-dark-3: #292d33;\n--color-5-dark-3-darker: #25292e;\n--color-5-dark-3-r: 41;\n--color-5-dark-3-g: 45;\n--color-5-dark-3-b: 51;\n--color-5-dark-3-contrast: white;\n--color-5-dark-3-contrast-darker: white;\n--color-5-dark-3-text-color: var(--body-alt-color);\n--color-5-dark-2: #50565e;\n--color-5-dark-2-darker: #484d55;\n--color-5-dark-2-r: 80;\n--color-5-dark-2-g: 86;\n--color-5-dark-2-b: 94;\n--color-5-dark-2-contrast: white;\n--color-5-dark-2-contrast-darker: white;\n--color-5-dark-2-text-color: var(--body-alt-color);\n--color-5-dark-1: #7d8289;\n--color-5-dark-1-darker: #70757c;\n--color-5-dark-1-r: 125;\n--color-5-dark-1-g: 130;\n--color-5-dark-1-b: 137;\n--color-5-dark-1-contrast: white;\n--color-5-dark-1-contrast-darker: white;\n--color-5-dark-1-text-color: var(--body-alt-color);\n--color-5: #99a4b3;\n--color-5-darker: #8693a5;\n--color-5-r: 153;\n--color-5-g: 164;\n--color-5-b: 179;\n--color-5-contrast: white;\n--color-5-contrast-darker: white;\n--color-5-text-color: var(--body-alt-color);\n--color-5-light-1: #b5bec9;\n--color-5-light-1-darker: #9fabb9;\n--color-5-light-1-r: 181;\n--color-5-light-1-g: 190;\n--color-5-light-1-b: 201;\n--color-5-light-1-contrast: black;\n--color-5-light-1-contrast-darker: white;\n--color-5-light-1-text-color: var(--body-color);\n--color-5-light-2: #d4d9e0;\n--color-5-light-2-darker: #bbc3ce;\n--color-5-light-2-r: 212;\n--color-5-light-2-g: 217;\n--color-5-light-2-b: 224;\n--color-5-light-2-contrast: black;\n--color-5-light-2-contrast-darker: black;\n--color-5-light-2-text-color: var(--body-color);\n--color-5-light-3: #f4f5f7;\n--color-5-light-3-darker: #d8dbe2;\n--color-5-light-3-r: 244;\n--color-5-light-3-g: 245;\n--color-5-light-3-b: 247;\n--color-5-light-3-contrast: black;\n--color-5-light-3-contrast-darker: black;\n--color-5-light-3-text-color: var(--body-color);\n--white-contrast: var(--body-color);\n--shading-contrast: var(--body-alt-color);\n--bg-contrast: var(--body-color);\n}</style><style id=\"typography\" typography=\"custom-page-typography-1\">\n        .u-body\n        {\n        --title-font-weight: 700;\n        --title-line-height: 1.2;\n        --title-font-size: 4.5rem;\n        --title-margin-top: 20px;\n        --title-margin-bottom: 20px;\n        --subtitle-font-weight: 700;\n        --subtitle-line-height: 1.2;\n        --subtitle-font-size: 2.25rem;\n        --subtitle-margin-top: 20px;\n        --subtitle-margin-bottom: 20px;\n        --h1-font-weight: 700;\n        --h1-line-height: 1.1;\n        --h1-font-size: 3rem;\n        --h1-margin-top: 20px;\n        --h1-margin-bottom: 20px;\n        --h2-font-weight: 700;\n        --h2-line-height: 1.2;\n        --h2-font-size: 2.25rem;\n        --h2-margin-top: 20px;\n        --h2-margin-bottom: 20px;\n        --h3-font-weight: 700;\n        --h3-line-height: 1.2;\n        --h3-font-size: 1.875rem;\n        --h3-margin-top: 20px;\n        --h3-margin-bottom: 20px;\n        --h4-font-weight: 700;\n        --h4-line-height: 1.2;\n        --h4-font-size: 1.5rem;\n        --h4-margin-top: 20px;\n        --h4-margin-bottom: 20px;\n        --h5-font-weight: 700;\n        --h5-line-height: 1.2;\n        --h5-font-size: 1.25rem;\n        --h5-margin-top: 20px;\n        --h5-margin-bottom: 20px;\n        --h6-font-weight: 700;\n        --h6-line-height: 1.2;\n        --h6-font-size: 1.125rem;\n        --h6-margin-top: 20px;\n        --h6-margin-bottom: 20px;\n        --largeText-font-weight: 400;\n        --largeText-line-height: 1.6;\n        --largeText-font-size: 1rem;\n        --largeText-margin-top: 20px;\n        --largeText-margin-bottom: 20px;\n        --text-font-weight: 400;\n        --text-line-height: 1.6;\n        --text-font-size: 1.25rem;\n        --text-margin-top: 20px;\n        --text-margin-bottom: 20px;\n        --smallText-font-weight: 400;\n        --smallText-line-height: 1.6;\n        --smallText-font-size: 0.875rem;\n        --smallText-margin-top: 20px;\n        --smallText-margin-bottom: 20px;\n        --button-letter-spacing: 2px;\n        --button-font-size: 0.875rem;\n        --button-line-height: 1.4;\n        --button-margin-top: 20px;\n        --button-margin-bottom: 20px;\n        --button-text-transform: uppercase;\n        --button-background-image: none;\n        --button-border-width: 2px;\n        --button-border-style: solid;\n        --button-font-weight: 600;\n        --button-background-color: var(--transparent);\n        --button-border-color: var(--grey-15);\n        --button-color: var(--body-color);\n        --button-alt-border-color: var(--black);\n        --button-alt-color: var(--body-alt-color);\n        --button-hover-background-color: var(--transparent);\n        --button-hover-border-color: var(--grey-15-darker);\n        --button-hover-color: var(--body-color-darker);\n        --button-hover-alt-border-color: var(--white);\n        --button-hover-alt-color: var(--white);\n        --button-hover-background-color: var(--transparent);\n        --button-hover-border-color: var(--grey-15-darker);\n        --button-hover-color: var(--body-color-darker);\n        --button-hover-alt-border-color: var(--white);\n        --button-hover-alt-color: var(--white);\n        --button-active-background-color: var(--transparent);\n        --button-active-border-color: var(--grey-15-darker);\n        --button-active-color: var(--body-color-darker);\n        --button-active-alt-border-color: var(--white);\n        --button-active-alt-color: var(--white);\n        --blockquote-font-style: italic;\n        --blockquote-line-height: 1.6;\n        --blockquote-font-size: 1.25rem;\n        --blockquote-padding-left: 20px;\n        --blockquote-border-width: 4px;\n        --blockquote-border-color: var(--palette-1-base);\n        --blockquote-margin-top: 20px;\n        --blockquote-margin-bottom: 20px;\n        --metadata-font-size: 0.75rem;\n        --metadata-line-height: 1.4;\n        --metadata-margin-top: 20px;\n        --metadata-margin-bottom: 20px;\n        --list-margin-top: 20px;\n        --list-margin-bottom: 20px;\n        --orderedlist-margin-top: 20px;\n        --orderedlist-margin-bottom: 20px;\n        --postContent-margin-top: 20px;\n        --postContent-margin-bottom: 20px;\n        --hyperlink-color: var(--palette-1-base);\n        --hyperlink-alt-text-color: var(--palette-1-light-2);\n        --hyperlink-hover-color: var(--palette-1-base-darker);\n        --hyperlink-hover-alt-text-color: var(--grey-30-darker);\n        }\n\n        /** common-rules **/\n        h1.u-title\n        {\n        font-weight: var(--title-font-weight);\n        line-height: var(--title-line-height);\n        font-size: var(--title-font-size);\n        margin-top: var(--title-margin-top);\n        margin-bottom: var(--title-margin-bottom);\n        }\n        h2.u-subtitle\n        {\n        font-weight: var(--subtitle-font-weight);\n        line-height: var(--subtitle-line-height);\n        font-size: var(--subtitle-font-size);\n        margin-top: var(--subtitle-margin-top);\n        margin-bottom: var(--subtitle-margin-bottom);\n        }\n        h1:not(.u-title)\n        {\n        font-weight: var(--h1-font-weight);\n        line-height: var(--h1-line-height);\n        font-size: var(--h1-font-size);\n        margin-top: var(--h1-margin-top);\n        margin-bottom: var(--h1-margin-bottom);\n        }\n        h2:not(.u-subtitle)\n        {\n        font-weight: var(--h2-font-weight);\n        line-height: var(--h2-line-height);\n        font-size: var(--h2-font-size);\n        margin-top: var(--h2-margin-top);\n        margin-bottom: var(--h2-margin-bottom);\n        }\n        h3\n        {\n        font-weight: var(--h3-font-weight);\n        line-height: var(--h3-line-height);\n        font-size: var(--h3-font-size);\n        margin-top: var(--h3-margin-top);\n        margin-bottom: var(--h3-margin-bottom);\n        }\n        h4\n        {\n        font-weight: var(--h4-font-weight);\n        line-height: var(--h4-line-height);\n        font-size: var(--h4-font-size);\n        margin-top: var(--h4-margin-top);\n        margin-bottom: var(--h4-margin-bottom);\n        }\n        h5\n        {\n        font-weight: var(--h5-font-weight);\n        line-height: var(--h5-line-height);\n        font-size: var(--h5-font-size);\n        margin-top: var(--h5-margin-top);\n        margin-bottom: var(--h5-margin-bottom);\n        }\n        h6\n        {\n        font-weight: var(--h6-font-weight);\n        line-height: var(--h6-line-height);\n        font-size: var(--h6-font-size);\n        margin-top: var(--h6-margin-top);\n        margin-bottom: var(--h6-margin-bottom);\n        }\n        p.u-large-text\n        {\n        font-weight: var(--largeText-font-weight);\n        line-height: var(--largeText-line-height);\n        font-size: var(--largeText-font-size);\n        margin-top: var(--largeText-margin-top);\n        margin-bottom: var(--largeText-margin-bottom);\n        }\n        p:not(.u-text-variant)\n        {\n        font-weight: var(--text-font-weight);\n        line-height: var(--text-line-height);\n        font-size: var(--text-font-size);\n        margin-top: var(--text-margin-top);\n        margin-bottom: var(--text-margin-bottom);\n        }\n        p.u-small-text\n        {\n        font-weight: var(--smallText-font-weight);\n        line-height: var(--smallText-line-height);\n        font-size: var(--smallText-font-size);\n        margin-top: var(--smallText-margin-top);\n        margin-bottom: var(--smallText-margin-bottom);\n        }\n        .u-btn\n        {\n        letter-spacing: var(--button-letter-spacing);\n        font-size: var(--button-font-size);\n        line-height: var(--button-line-height);\n        margin-top: var(--button-margin-top);\n        margin-bottom: var(--button-margin-bottom);\n        text-transform: var(--button-text-transform);\n        background-image: var(--button-background-image);\n        border-width: var(--button-border-width);\n        border-style: var(--button-border-style);\n        font-weight: var(--button-font-weight);\n        }\n        blockquote\n        {\n        font-style: var(--blockquote-font-style);\n        line-height: var(--blockquote-line-height);\n        font-size: var(--blockquote-font-size);\n        padding-left: var(--blockquote-padding-left);\n        border-width: var(--blockquote-border-width);\n        margin-top: var(--blockquote-margin-top);\n        margin-bottom: var(--blockquote-margin-bottom);\n        }\n        .u-metadata\n        {\n        font-size: var(--metadata-font-size);\n        line-height: var(--metadata-line-height);\n        margin-top: var(--metadata-margin-top);\n        margin-bottom: var(--metadata-margin-bottom);\n        }\n        ul:not(.u-unstyled)\n        {\n        margin-top: var(--list-margin-top);\n        margin-bottom: var(--list-margin-bottom);\n        }\n        ol\n        {\n        margin-top: var(--orderedlist-margin-top);\n        margin-bottom: var(--orderedlist-margin-bottom);\n        }\n        .u-post-content\n        {\n        margin-top: var(--postContent-margin-top);\n        margin-bottom: var(--postContent-margin-bottom);\n        }\n        /** common-rules **/\n\n        /** publish-rules **/\n        /*begin-media rules*/\n        /*end-media rules*/\n        /** publish-rules **/\n\n        \n\n        /** cms-rules **/\n        /*begin-responsive rules*/\n        /*end-responsive rules*/\n        /** cms-rules **/\n\n        /** color-rules **/\n        .u-overlap.u-overlap-transparent:not(.u-overlap-contrast) .u-header :not(.u-nav-item) > .u-btn,\n        .u-gradient > .u-container-layout > .u-btn,\n        .u-image:not(.u-shading) > .u-container-layout > .u-btn,\n        .u-btn\n        {\n        background-color: var(--button-background-color);\n        border-color: var(--button-border-color);\n        color: var(--button-color);\n        }\n        .u-overlap.u-overlap-transparent:not(.u-overlap-contrast) .u-header :not(.u-nav-item) > .u-btn:hover,\n        .u-gradient > .u-container-layout > .u-btn:hover,\n        .u-image:not(.u-shading) > .u-container-layout > .u-btn:hover,\n        .u-btn:hover\n        {\n        background-color: var(--button-hover-background-color);\n        border-color: var(--button-hover-border-color);\n        color: var(--button-hover-color);\n        }\n        .u-overlap.u-overlap-transparent:not(.u-overlap-contrast) .u-header :not(.u-nav-item) > .u-btn:focus,\n        .u-gradient > .u-container-layout > .u-btn:focus,\n        .u-image:not(.u-shading) > .u-container-layout > .u-btn:focus,\n        .u-btn:focus\n        {\n        background-color: var(--button-hover-background-color);\n        border-color: var(--button-hover-border-color);\n        color: var(--button-hover-color);\n        }\n        .u-overlap.u-overlap-transparent:not(.u-overlap-contrast) .u-header :not(.u-nav-item) > .u-btn:active,\n        .u-gradient > .u-container-layout > .u-btn:active,\n        .u-image:not(.u-shading) > .u-container-layout > .u-btn:active,\n        .u-btn:active\n        {\n        background-color: var(--button-active-background-color);\n        border-color: var(--button-active-border-color);\n        color: var(--button-active-color);\n        }\n        .u-overlap.u-overlap-transparent:not(.u-overlap-contrast) .u-header :not(.u-nav-item) > blockquote,\n        .u-gradient > .u-container-layout > blockquote,\n        .u-image:not(.u-shading) > .u-container-layout > blockquote,\n        blockquote\n        {\n        border-color: var(--blockquote-border-color);\n        }\n        .u-overlap.u-overlap-transparent:not(.u-overlap-contrast) .u-header :not(.u-nav-item) > a,\n        .u-gradient > .u-container-layout > a,\n        .u-image:not(.u-shading) > .u-container-layout > a,\n        a\n        {\n        color: var(--hyperlink-color);\n        }\n        .u-overlap.u-overlap-transparent:not(.u-overlap-contrast) .u-header :not(.u-nav-item) > a:hover,\n        .u-gradient > .u-container-layout > a:hover,\n        .u-image:not(.u-shading) > .u-container-layout > a:hover,\n        a:hover\n        {\n        color: var(--hyperlink-hover-color);\n        }\n        /** color-rules **/\n\n        /** alt-color-rules **/\n        .u-shading .u-btn,.u-overlap-contrast .u-header .u-btn\n        {\n        border-color: var(--button-alt-border-color);\n        color: var(--button-alt-color);\n        }\n        .u-shading .u-btn:hover,.u-overlap-contrast .u-header .u-btn:hover\n        {\n        border-color: var(--button-hover-alt-border-color);\n        color: var(--button-hover-alt-color);\n        }\n        .u-shading .u-btn:active,.u-overlap-contrast .u-header .u-btn:active\n        {\n        border-color: var(--button-active-alt-border-color);\n        color: var(--button-active-alt-color);\n        }\n        .u-body-color a,.u-palette-1-base a,.u-palette-1-dark-3 a,.u-palette-1-dark-2 a,.u-palette-1-dark-1 a,.u-palette-1 a,.u-palette-2-base a,.u-palette-2-dark-3 a,.u-palette-2-dark-2 a,.u-palette-2-dark-1 a,.u-palette-2 a,.u-palette-3-dark-3 a,.u-palette-3-dark-2 a,.u-palette-3-dark-1 a,.u-palette-4-base a,.u-palette-4-dark-3 a,.u-palette-4-dark-2 a,.u-palette-4-dark-1 a,.u-palette-4 a,.u-palette-5-base a,.u-palette-5-dark-3 a,.u-palette-5-dark-2 a,.u-palette-5-dark-1 a,.u-palette-5 a,.u-grey-40 a,.u-grey-30 a,.u-grey-90 a,.u-grey-80 a,.u-grey-75 a,.u-black a,.u-grey-70 a,.u-grey-60 a,.u-grey-50 a,.u-grey-dark-3 a,.u-grey-dark-2 a,.u-grey-dark-1 a,.u-grey a,.u-shading a,.u-overlap-contrast .u-header a:not(.u-nav-link):not(.u-btn)\n        {\n        color: var(--hyperlink-alt-text-color);\n        }\n        .u-body-color a:hover,.u-palette-1-base a:hover,.u-palette-1-dark-3 a:hover,.u-palette-1-dark-2 a:hover,.u-palette-1-dark-1 a:hover,.u-palette-1 a:hover,.u-palette-2-base a:hover,.u-palette-2-dark-3 a:hover,.u-palette-2-dark-2 a:hover,.u-palette-2-dark-1 a:hover,.u-palette-2 a:hover,.u-palette-3-dark-3 a:hover,.u-palette-3-dark-2 a:hover,.u-palette-3-dark-1 a:hover,.u-palette-4-base a:hover,.u-palette-4-dark-3 a:hover,.u-palette-4-dark-2 a:hover,.u-palette-4-dark-1 a:hover,.u-palette-4 a:hover,.u-palette-5-base a:hover,.u-palette-5-dark-3 a:hover,.u-palette-5-dark-2 a:hover,.u-palette-5-dark-1 a:hover,.u-palette-5 a:hover,.u-grey-40 a:hover,.u-grey-30 a:hover,.u-grey-90 a:hover,.u-grey-80 a:hover,.u-grey-75 a:hover,.u-black a:hover,.u-grey-70 a:hover,.u-grey-60 a:hover,.u-grey-50 a:hover,.u-grey-dark-3 a:hover,.u-grey-dark-2 a:hover,.u-grey-dark-1 a:hover,.u-grey a:hover\n        {\n        color: var(--hyperlink-hover-alt-text-color);\n        }\n        /** alt-color-rules **/\n    </style><style id=\"font-scheme\" font-scheme=\"custom-font-family-41\" heading-font=\"Arvo\" text-font=\"'Open Sans',sans-serif\">.u-body {\n   --text-font: 'Open Sans',sans-serif;\n   --heading-font: Arvo;\n}</style>","appVersion":"4.3.3","isTrial":false}